<?xml version="1.0" encoding="UTF-8"?>
<project-private xmlns="http://www.netbeans.org/ns/project-private/1">
    <editor-bookmarks xmlns="http://www.netbeans.org/ns/editor-bookmarks/2" lastBookmarkId="0"/>
    <open-files xmlns="http://www.netbeans.org/ns/projectui-open-files/2">
        <group>
            <file>file:/G:/javaCode/WEB_Ch14_20190816/web/AddItem.html</file>
            <file>file:/G:/javaCode/WEB_Ch14_20190816/src/java/tw/com/cdi/ItemEventHandler.java</file>
            <file>file:/G:/javaCode/WEB_Ch14_20190816/src/java/tw/com/servlet/TestProduces.java</file>
            <file>file:/G:/javaCode/WEB_Ch14_20190816/src/java/tw/com/bean/Item.java</file>
            <file>file:/G:/javaCode/WEB_Ch14_20190816/src/java/tw/com/data/ItemData.java</file>
            <file>file:/G:/javaCode/WEB_Ch14_20190816/src/java/tw/com/servlet/TestEventServlet.java</file>
        </group>
    </open-files>
</project-private>
