<?xml version="1.0" encoding="UTF-8"?>
<project-private xmlns="http://www.netbeans.org/ns/project-private/1">
    <editor-bookmarks xmlns="http://www.netbeans.org/ns/editor-bookmarks/2" lastBookmarkId="0"/>
    <open-files xmlns="http://www.netbeans.org/ns/projectui-open-files/2">
        <group>
            <file>file:/G:/javaCode/Web_20190722/src/java/tw/com/howard/servlet/LoingServlet.java</file>
            <file>file:/G:/javaCode/Web_20190722/src/java/tw/com/howard/verify/VerifyPrimitive.java</file>
            <file>file:/G:/javaCode/Web_20190722/web/index.html</file>
        </group>
    </open-files>
</project-private>
