<?xml version="1.0" encoding="UTF-8"?>
<project-private xmlns="http://www.netbeans.org/ns/project-private/1">
    <editor-bookmarks xmlns="http://www.netbeans.org/ns/editor-bookmarks/2" lastBookmarkId="0"/>
    <open-files xmlns="http://www.netbeans.org/ns/projectui-open-files/2">
        <group>
            <file>file:/G:/javaCode/WEB_Ch8_20190802/web/index.html</file>
            <file>file:/G:/javaCode/WEB_Ch8_20190802/src/java/tw/com/howard/servlet/TestCookieAge.java</file>
            <file>file:/G:/javaCode/WEB_Ch8_20190802/src/java/tw/com/howard/servlet/TestCookiesServlet.java</file>
            <file>file:/G:/javaCode/WEB_Ch8_20190802/src/java/tw/com/howard/servlet/TestServletLifeCycle.java</file>
        </group>
    </open-files>
</project-private>
