<?xml version="1.0" encoding="UTF-8"?>
<project-private xmlns="http://www.netbeans.org/ns/project-private/1">
    <editor-bookmarks xmlns="http://www.netbeans.org/ns/editor-bookmarks/2" lastBookmarkId="0"/>
    <open-files xmlns="http://www.netbeans.org/ns/projectui-open-files/2">
        <group>
            <file>file:/G:/javaCode/WEB_Ch15_20190819/web/CreateUser.html</file>
            <file>file:/G:/javaCode/WEB_Ch15_20190819/src/java/tw/com/sql/oracle/UserDaoOracle.java</file>
            <file>file:/G:/javaCode/WEB_Ch15_20190819/src/java/tw/com/sql/derby/UserDaoDeabry.java</file>
            <file>file:/G:/javaCode/WEB_Ch15_20190819/src/java/tw/com/data/DaoFactory.java</file>
            <file>file:/G:/javaCode/WEB_Ch15_20190819/web/AddItem.html</file>
            <file>file:/G:/javaCode/WEB_Ch15_20190819/src/java/tw/com/dao/UserDao.java</file>
            <file>file:/G:/javaCode/WEB_Ch15_20190819/src/java/tw/com/bean/User.java</file>
            <file>file:/G:/javaCode/WEB_Ch15_20190819/src/java/tw/com/servlet/UserServlet.java</file>
        </group>
    </open-files>
</project-private>
